id	storage	source_pointer	source_sha256	text
JOB_000_FULL	002B580C	082B95BC	0f1c84d08c7a3394aa5b1cf8eadc978191966782796c9957d899917af2c00042	없음
JOB_001_FULL	002B584C	08802052	04b83ef217cd18e620ecbfe4911f962de4c9305c7486511d3c41a704f0e4dba9	크레스
JOB_002_FULL	002B588C	0880204B	20d2a39f65d59e823350c7a2fa7721417a65690f1bb8b9ffec464b2346dc28d5	체스터
JOB_003_FULL	002B58CC	08802046	bf172db3d4f74f48b10083c2a5d19ee1b9df277f5257ad973276080e90581d17	민트
JOB_004_FULL	002B590C	0880203F	a8e9e88223ab9780550245b0ea9b9fec36802a4cf3d3189e0cd477d4dd6d7758	클라스
JOB_005_FULL	002B594C	0880203A	3b056e84c47bd50a35cf25d553c383ace2f086bf188abe7b79c660092299d831	아체
JOB_006_FULL	002B598C	08802035	3250e2df959f85a4e93a99853d0c5764f03467e0a601cfda304e485416cc5fdc	스즈
JOB_007_FULL	002B59CC	08802030	a63f51d93c19ca0dc9981bd3260e54a6cf4503595f902d765226800bb3767efe	스탄
JOB_008_FULL	002B5A0C	0880202B	38dc3dc8c9bd9f779dfa303f0a297dd22d311bc70e78192638d0391dde37b9ad	루티
JOB_009_FULL	002B5A4C	08802026	f3d866cfc87ef337efe664924391a6159b43ab0d30736e217a4ac6d2d29db9de	리온
JOB_010_FULL	002B5A8C	0880201F	fc615926467e1285146f4c4056f1df70dbd4494787d52dbade751a3f4264b2c1	필리아
JOB_011_FULL	002B5ACC	08802016	248d8eb2fdc8a8cf9bae3dc56bcfbb716f17a8091d6c7762b125d4148a84c85a	우드로우
JOB_012_FULL	002B5B0C	08802011	f73033a025e8058d0f60d05dfe8efb225ce0977cbb8e662ad69d5c2d70a508ef	첼시
JOB_013_FULL	002B5B4C	0880200C	99e72483a6c28de72e974b5a1d9d04cfa94a29d0bf4b6622f2c8706c23010663	마리
JOB_014_FULL	002B5B8C	08802007	a43c1824b50ee01b28ae0e7f47ab79792c862eeeee43c07242451053919466ad	콩맨
JOB_015_FULL	002B5BCC	08802002	da3adcf23ced199db89921bef1bb2b2bc0d86a9d31f049c29317279be3b63cde	죠니
JOB_016_FULL	002B5C0C	08801FFD	04dcac93a36a4194fb380303956aae859842863e851aff84ef09066fb1e83eae	리드
JOB_017_FULL	002B5C4C	08801FF8	a48f68bdfd059382c778bde6e38324ccb50ba04218f54a8ed3b222a512b112ad	파라
JOB_018_FULL	002B5C8C	08801FF5	a29a2fcbc88d3de2d7990b8448f5486f8e6cf2851a559f1203e7d22c2810407a	킬
JOB_019_FULL	002B5CCC	08801FEE	44f59d295267fd25d408a13a7b058dad35237009ccf19242e6113505256b82de	메르디
JOB_020_FULL	002B5D0C	08801FE9	17509a990271c33a10ba91c0e1c5ee179428c0b3fceaab8c51150e5be8ab0cfb	포그
JOB_021_FULL	002B5D4C	08801FE4	b2a705ea1f0f0b02f31daa00838531fddb5b517e97d4588d3edac67008a13b8b	채트
JOB_022_FULL	002B5D8C	08801FDD	bc9abfe0dffa1fef652129a07cfead4d8bd2e9556baff9457e83ac25a08552fd	레이스
JOB_023_FULL	002B5DCC	08801FD6	47dfddd15bfce8b4a972740a9921c28c6b6838f895e52d5e792dffa3f06b288f	다오스
JOB_024_FULL	002B5E0C	08801FCF	804b3d8ac6b1a63e45a72c1544ba6de4116509c0e6e57b5f8ddbe5157289bcd5	리리스
JOB_025_FULL	002B5E4C	08801FC6	d5241b595973753c6a580fd083fcc8ddfcf0d6203279ee414beb6f653a6b5692	셀시우스
JOB_026_FULL	002B5E8C	08801FBB	f2586fac206f9b9250743556fec4b45527ec835c8707ac08a231c3b0954fc1ca	미랄드
JOB_027_FULL	002B5ECC	08801FB6	47344afdec0a4c2fd4885d735fd0bd43981183aeae2ce4baaca43d4757389308	아미
JOB_028_FULL	002B5F0C	08801FAD	c421d672068b902021d127b0405029fc861690ccc38f53b86196d9fb618d4f5e	딤로스
JOB_029_FULL	002B5F4C	08801FA0	ddee4c18cfb68e6d6ca917c51051e0536bc2cf673b3c90458b048ae8e8b9b07d	나리키리사
JOB_030_FULL	002B5F8C	08801FA0	ddee4c18cfb68e6d6ca917c51051e0536bc2cf673b3c90458b048ae8e8b9b07d	나리키리사
JOB_031_FULL	002B5FCC	08801F9B	020aea6eaff920d07d945e80e0acf76712251058a42f616e6cb59175f793c90a	검사
JOB_032_FULL	002B600C	08801F9B	020aea6eaff920d07d945e80e0acf76712251058a42f616e6cb59175f793c90a	검사
JOB_033_FULL	002B604C	08801F94	32d7eb46cc9e663e8eaca4573b9d4fd80259778776c745516112164dcb09376d	격투가
JOB_034_FULL	002B608C	08801F94	32d7eb46cc9e663e8eaca4573b9d4fd80259778776c745516112164dcb09376d	격투가
JOB_035_FULL	002B60CC	08801F8F	c2cecbc478137cbd292c3a60389b20a91f612653498725fc5a6451c933b9b67a	아처
JOB_036_FULL	002B610C	08801F8F	c2cecbc478137cbd292c3a60389b20a91f612653498725fc5a6451c933b9b67a	아처
JOB_037_FULL	002B614C	08801F88	c41bca4ba39c6d7503f16c312306b2e8b5e1b007b96d00381048d906eace4836	클레릭
JOB_038_FULL	002B618C	08801F88	c41bca4ba39c6d7503f16c312306b2e8b5e1b007b96d00381048d906eace4836	클레릭
JOB_039_FULL	002B61CC	08801F83	033b1a9d70957009dc6d7541fb741a5c46c37a6c573fca6e3a2a6a9e13441fff	닌자
JOB_040_FULL	002B620C	08801F83	033b1a9d70957009dc6d7541fb741a5c46c37a6c573fca6e3a2a6a9e13441fff	닌자
JOB_041_FULL	002B624C	08801F7C	c62e8816a317a99792233d7aed7df5806dedb0559f37b4634ff4fdc9a2156a99	위저드
JOB_042_FULL	002B628C	08801F77	4be60818c7a7be96b95e18bb5eaf9f17b56d4c45b29a33669796816b8c32344e	윗치
JOB_043_FULL	002B62CC	08801F72	0964091f2550e9a7f117be070617df12b7c544fbf27475c9fd61aadbe9cff2ba	상인
JOB_044_FULL	002B630C	08801F72	0964091f2550e9a7f117be070617df12b7c544fbf27475c9fd61aadbe9cff2ba	상인
JOB_045_FULL	002B634C	08801F6B	de7d407422fac5040136660c68c678b2e06d8560768158db286285a09e2d7fff	갬블러
JOB_046_FULL	002B638C	08801F66	c407a5f1e803ce3c84c2042024a14e6bca7e58b55afb796f744356feeeb2d49b	무용수
JOB_047_FULL	002B63CC	08801F5D	8dd720d05145a618aa9f03a17d53b6c9de29179e15605694c36d8511f9d7b158	원더셰프
JOB_048_FULL	002B640C	08801F5D	8dd720d05145a618aa9f03a17d53b6c9de29179e15605694c36d8511f9d7b158	원더셰프
JOB_049_FULL	002B644C	08801F58	ea9f5bf97905bd2820b95f2dca30a72196849b51380a18bed8ec29336490727a	놀이꾼
JOB_050_FULL	002B648C	08801F58	ea9f5bf97905bd2820b95f2dca30a72196849b51380a18bed8ec29336490727a	놀이꾼
JOB_051_FULL	002B64CC	08801F4F	5a7d54f40b6b3ff392c44b2aef6d7f30d14604bdeda8b00f40b37c4079855364	닥터
JOB_052_FULL	002B650C	08801F46	4085504caba7e80abb685c3dfdf5f13568955366216a6484f6b14df8109a0638	너스
JOB_053_FULL	002B654C	08801F3F	5d32d7027ee1d43036ead9ecabc44939c0d6c3bb137d51fe89c011fea2d14dc8	음악가
JOB_054_FULL	002B658C	08801F3F	5d32d7027ee1d43036ead9ecabc44939c0d6c3bb137d51fe89c011fea2d14dc8	음악가
JOB_055_FULL	002B65CC	08801F3A	9b01121cdae916fe09bfe6846d57e4482cd67735a65618c0a8582ac7d60c61d1	학자
JOB_056_FULL	002B660C	08801F3A	9b01121cdae916fe09bfe6846d57e4482cd67735a65618c0a8582ac7d60c61d1	학자
JOB_057_FULL	002B664C	08801F2F	4170a12f6d659b242f09e74da04eb1cdc1bba5a112f42e979ba826c14cb0a230	고양이인
JOB_058_FULL	002B668C	08801F2F	4170a12f6d659b242f09e74da04eb1cdc1bba5a112f42e979ba826c14cb0a230	고양이인
JOB_059_FULL	002B66CC	08801F28	85922c3b49a65f12a9d6cdd861c2f79d07b94242e1772e967446a91472cc215a	마술사
JOB_060_FULL	002B670C	08801F23	742fba96484fb46fb147ab40aae4a0d70cef163c711669ffb7911070b2aae8a8	모델
JOB_061_FULL	002B674C	08801F1C	e6a3131375bf4f9a572f761af6ef42b42b94d964c966c26f51afcaa981ca1c0c	왈큐레
JOB_062_FULL	002B678C	08801F15	5fa0a16062544a21d2f3cb7600c437882d90fe12de4bd1ed283b21fa06688d70	드릴러
JOB_063_FULL	002B67CC	08801F10	4ff0961f954014cf4d76b3c17f45661538a3f0011564898b0ebfc6283d65fc0b	도적
JOB_064_FULL	002B680C	08801F10	4ff0961f954014cf4d76b3c17f45661538a3f0011564898b0ebfc6283d65fc0b	도적
JOB_065_FULL	002B684C	08801F07	fdd1a9e2ec89b9fcb79ad5cf4d7d11c13e65587a48e5e28d7f2ffcb9b01d9d25	염검사
JOB_066_FULL	002B688C	08801F07	fdd1a9e2ec89b9fcb79ad5cf4d7d11c13e65587a48e5e28d7f2ffcb9b01d9d25	염검사
JOB_067_FULL	002B68CC	08801EFE	9a92d36828b32bc6f30e0ae3fb8423e8739b1d676cba3ee18fd1628f8f50be22	질풍검사
JOB_068_FULL	002B690C	08801EFE	9a92d36828b32bc6f30e0ae3fb8423e8739b1d676cba3ee18fd1628f8f50be22	질풍검사
JOB_069_FULL	002B694C	08801EF9	653a1b7beb79cab91f386a12dda07b1611e4cc903daddde82883740bf99b172b	빙우검사
JOB_070_FULL	002B698C	08801EF9	653a1b7beb79cab91f386a12dda07b1611e4cc903daddde82883740bf99b172b	빙우검사
JOB_071_FULL	002B69CC	08801EEE	f87984cd527dcfbc324a98067c1335aeeb7737bc478f6df3b8d1b49097a01a93	버서커
JOB_072_FULL	002B6A0C	08801EE3	1c2aa08c0f914c7c8281142b9b07c0fb23586aac8823d87e87ee9203cfd809b0	아마조네스
JOB_073_FULL	002B6A4C	08801EDC	ded0f20d36b843a1bcc419662cb7fe689b3906692cc179d5febc600d04a027b2	번개검사
JOB_074_FULL	002B6A8C	08801EDC	ded0f20d36b843a1bcc419662cb7fe689b3906692cc179d5febc600d04a027b2	번개검사
JOB_075_FULL	002B6ACC	08801ECD	ed5b4ced7bd71fdbfd7add3c00b3a48364e5da73ae05f349219e3d80ea46677f	성검사
JOB_076_FULL	002B6B0C	08801ECD	ed5b4ced7bd71fdbfd7add3c00b3a48364e5da73ae05f349219e3d80ea46677f	성검사
JOB_077_FULL	002B6B4C	08801EC8	bcbc5fefcd78fb005e949a56ed99ac422f3ef637e1b9326a049758c606c5ef53	마검사
JOB_078_FULL	002B6B8C	08801EC8	bcbc5fefcd78fb005e949a56ed99ac422f3ef637e1b9326a049758c606c5ef53	마검사
JOB_079_FULL	002B6BCC	08801EC1	327eabd4bb56bc811f13149e4cf07fdd7d3674deb82ce2c286fd3317eb774bc9	검호
JOB_080_FULL	002B6C0C	08801EC1	327eabd4bb56bc811f13149e4cf07fdd7d3674deb82ce2c286fd3317eb774bc9	검호
JOB_081_FULL	002B6C4C	08801EB8	923bdd2462a90164d78c26f131678f92b5d554c4dc368b6a2c916a73f81c6e26	열혈투사
JOB_082_FULL	002B6C8C	08801EB8	923bdd2462a90164d78c26f131678f92b5d554c4dc368b6a2c916a73f81c6e26	열혈투사
JOB_083_FULL	002B6CCC	08801EAF	e2c2342f86ba7b5ac5c1021151c89629d65a99ab28b8ef65a900f0bc2112fb08	질풍투사
JOB_084_FULL	002B6D0C	08801EAF	e2c2342f86ba7b5ac5c1021151c89629d65a99ab28b8ef65a900f0bc2112fb08	질풍투사
JOB_085_FULL	002B6D4C	08801EA8	e24b6f09f78b06d260dc37933fa2250c1905ddd70089825c91ee3c0164f299c4	빙설투사
JOB_086_FULL	002B6D8C	08801EA8	e24b6f09f78b06d260dc37933fa2250c1905ddd70089825c91ee3c0164f299c4	빙설투사
JOB_087_FULL	002B6DCC	08801E9F	d93fa110790c05b5f8556c2ab312f50ae83290cc8fa65e062f331d552709130e	암석투사
JOB_088_FULL	002B6E0C	08801E9F	d93fa110790c05b5f8556c2ab312f50ae83290cc8fa65e062f331d552709130e	암석투사
JOB_089_FULL	002B6E4C	08801E98	7a7f4c769059ba1e92e268bc2bc8ac64b39802e171bed9de120ce5f0d16a0bdc	번개투사
JOB_090_FULL	002B6E8C	08801E98	7a7f4c769059ba1e92e268bc2bc8ac64b39802e171bed9de120ce5f0d16a0bdc	번개투사
JOB_091_FULL	002B6ECC	08801E91	3dd86e36bb8310acbbf1339591402eb68cf4ee7333306457dd5f460f1bc1f1ab	몽크
JOB_092_FULL	002B6F0C	08801E91	3dd86e36bb8310acbbf1339591402eb68cf4ee7333306457dd5f460f1bc1f1ab	몽크
JOB_093_FULL	002B6F4C	08801E8C	939ecf1290a1879f16996a6bb386ed8d05d3133e8042a4cd16207637d7a79644	패왕
JOB_094_FULL	002B6F8C	08801E8C	939ecf1290a1879f16996a6bb386ed8d05d3133e8042a4cd16207637d7a79644	패왕
JOB_095_FULL	002B6FCC	08801E85	c35496af5299c1eff0d74ddd9f00d68c91c92c10806ad344cfaad254818e008e	철권
JOB_096_FULL	002B700C	08801E85	c35496af5299c1eff0d74ddd9f00d68c91c92c10806ad344cfaad254818e008e	철권
JOB_097_FULL	002B704C	08801E80	fbbc483a977d29fba5a65edf4a954954904fb0ce87a5f7b6f9aeb9bb03bfc2ac	슈터
JOB_098_FULL	002B708C	08801E80	fbbc483a977d29fba5a65edf4a954954904fb0ce87a5f7b6f9aeb9bb03bfc2ac	슈터
JOB_099_FULL	002B70CC	08801E79	1e292a7d2742a9afa349dda7d560658dc28d9c20575fc7e75062d0c085fb6f81	빙우사수
JOB_100_FULL	002B710C	08801E79	1e292a7d2742a9afa349dda7d560658dc28d9c20575fc7e75062d0c085fb6f81	빙우사수
JOB_101_FULL	002B714C	08801E70	c5a521a0be8454b9e5484937c7b699725c9507c45a91a4961671a48ea088e359	헌터
JOB_102_FULL	002B718C	08801E67	0708c2480f0040c05c94f9f80e003c3300f8a9bbe197c687039d0385619fd44d	헌트레스
JOB_103_FULL	002B71CC	08801E5C	5b29bd90c311f3eea528f07b615520d0a1c42d093465d2b70a9b571519a5096b	번개사수
JOB_104_FULL	002B720C	08801E5C	5b29bd90c311f3eea528f07b615520d0a1c42d093465d2b70a9b571519a5096b	번개사수
JOB_105_FULL	002B724C	08801E55	481ac64e7564b2a93f9ce75951eabca054429f7818f3367b5cca5c2877f16f2f	소이광
JOB_106_FULL	002B728C	08801E4A	7bad481f4c48f5d753592bfc683f65d2703fd492428d65438b85ddc093cd3a4a	아르테미스
JOB_107_FULL	002B72CC	08801E41	5c2f435a71d2d56e0bfd10e77bc1ae5fe331059af1350a7af5a8657a806b4760	스나이퍼
JOB_108_FULL	002B730C	08801E41	5c2f435a71d2d56e0bfd10e77bc1ae5fe331059af1350a7af5a8657a806b4760	스나이퍼
JOB_109_FULL	002B734C	08801E3C	a700c3d593478f38affbe51e2086a35299a47830918f6839ad8d4be695b6b3d8	강궁병
JOB_110_FULL	002B738C	08801E3C	a700c3d593478f38affbe51e2086a35299a47830918f6839ad8d4be695b6b3d8	강궁병
JOB_111_FULL	002B73CC	08801E35	72ac1ad6603d5b242f3e95a0ca6e95a521120a09a2d02892f49e9796f946d44b	기도사
JOB_112_FULL	002B740C	08801E35	72ac1ad6603d5b242f3e95a0ca6e95a521120a09a2d02892f49e9796f946d44b	기도사
JOB_113_FULL	002B744C	08801E2E	a4a2881aca02461b264d04d73b40e224dc5b9e2a4214e3a9d1efb91f5e23eec9	순례자
JOB_114_FULL	002B748C	08801E2E	a4a2881aca02461b264d04d73b40e224dc5b9e2a4214e3a9d1efb91f5e23eec9	순례자
JOB_115_FULL	002B74CC	08801E27	dc31e671501c900ca4fefd034200b81e6737c30326eee16131acb556564efc4d	예언자
JOB_116_FULL	002B750C	08801E27	dc31e671501c900ca4fefd034200b81e6737c30326eee16131acb556564efc4d	예언자
JOB_117_FULL	002B754C	08801E20	73c25c1a90f76957f28e197122dd49d7c7587e6248ea634e241abb92d64f99a1	파계승
JOB_118_FULL	002B758C	08801E20	73c25c1a90f76957f28e197122dd49d7c7587e6248ea634e241abb92d64f99a1	파계승
JOB_119_FULL	002B75CC	08801E17	34462b7709dddbddbb6b9a69e2a43be46c93e24c47dbf83a7c9500d5cd71d80e	화염닌자
JOB_120_FULL	002B760C	08801E17	34462b7709dddbddbb6b9a69e2a43be46c93e24c47dbf83a7c9500d5cd71d80e	화염닌자
JOB_121_FULL	002B764C	08801E0A	9359fb550b88adc69ee791bc57403ff61f24da1ab2ad59692693107ee1a8c5b6	아라시
JOB_122_FULL	002B768C	08801DFD	d2fa1e1bc58946e588f474c42a8685a330ce95577689e6f6ef7d75e1ef76fd46	카마이타치
JOB_123_FULL	002B76CC	08801DEA	f7ee0149c55e0ab42b81102be323709e8f3098e71b02a85a19a3441336abe6ce	키리가쿠레
JOB_124_FULL	002B770C	08801DD7	afd81199acdb348d82ff4be7491d2d8eaee0ef7e18173dcb2a83f30db6b9bc87	츠나데
JOB_125_FULL	002B774C	08801DCC	3d4570546411fa8ab2f1778e93e903d46ec2bd363208e5638f185a6ad9e19c33	츠치구모
JOB_126_FULL	002B778C	08801DC7	e2c09e7eef705afdd5fdfe085112bcdd8790716bd0e1c002f80b5899fcac11fa	츠치구모
JOB_127_FULL	002B77CC	08801DB4	8f14b97e2c5e16bd5d916280ec27be46c60664a841bda8606cd0168f98f4aafd	지라이야
JOB_128_FULL	002B780C	08801DA1	eced6bed63d58306ad6bbe39b0d3ba30f0e7371beae5344e7bad165bcbaa67d7	쿠노이치
JOB_129_FULL	002B784C	08801D9A	8f84712f5b867fdd70375454e8a31a44e9f69198830b8798300ce5c57b1fee06	봉마사
JOB_130_FULL	002B788C	08801D9A	8f84712f5b867fdd70375454e8a31a44e9f69198830b8798300ce5c57b1fee06	봉마사
JOB_131_FULL	002B78CC	08801D95	82a3700d6e0b5588fffc0923bd390b4e29d851fe89d5477f513909505bb3aef4	은밀
JOB_132_FULL	002B790C	08801D95	82a3700d6e0b5588fffc0923bd390b4e29d851fe89d5477f513909505bb3aef4	은밀
JOB_133_FULL	002B794C	08801D8A	e6537060603169b5b817bc3220037773e51e160da3482ae1da6de60421024032	닌자 두령
JOB_134_FULL	002B798C	08801D8A	e6537060603169b5b817bc3220037773e51e160da3482ae1da6de60421024032	닌자 두령
JOB_135_FULL	002B79CC	08801D7B	c76cd213f74ffbc5ef49cdd310378958db3cb16f2b8f0188a045e81c88f31cce	플레어 메이지
JOB_136_FULL	002B7A0C	08801D7B	c76cd213f74ffbc5ef49cdd310378958db3cb16f2b8f0188a045e81c88f31cce	플레어 메이지
JOB_137_FULL	002B7A4C	08801D6E	9700b9b904acdd29277e170f7e9aaba9180ae05d6e8087b3f561d17eb5dffcb6	윈드 메이지
JOB_138_FULL	002B7A8C	08801D6E	9700b9b904acdd29277e170f7e9aaba9180ae05d6e8087b3f561d17eb5dffcb6	윈드 메이지
JOB_139_FULL	002B7ACC	08801D5F	a103bc916942ecf4506573bd5b6d45f0974a930f951da4840adcd323048f401f	아쿠아 메이지
JOB_140_FULL	002B7B0C	08801D5F	a103bc916942ecf4506573bd5b6d45f0974a930f951da4840adcd323048f401f	아쿠아 메이지
JOB_141_FULL	002B7B4C	08801D52	9c2afee9cc8271246eae04dea9397c49775f7c2392c2ac6348e99342c6e670c0	어스 메이지
JOB_142_FULL	002B7B8C	08801D52	9c2afee9cc8271246eae04dea9397c49775f7c2392c2ac6348e99342c6e670c0	어스 메이지
JOB_143_FULL	002B7BCC	08801D45	30af9b854d22ef408947272f10a5763e55511efc05838c13ffa21a9e93436fdc	선더 메이지
JOB_144_FULL	002B7C0C	08801D45	30af9b854d22ef408947272f10a5763e55511efc05838c13ffa21a9e93436fdc	선더 메이지
JOB_145_FULL	002B7C4C	08801D3E	85fbe20093562c343d6553b485e5e70c2cd96d926b36ab0dea36bf9ab15305b6	엔챈터
JOB_146_FULL	002B7C8C	08801D33	762da9a2599a4780552b101bf45902113b141c751b37d4d7fc3f39dbd9b54bcb	엔챈트레스
JOB_147_FULL	002B7CCC	08801D28	46d3c2a5312cf49208c5ebfeabc0149dea95b841a6bb8982321f53d74bcd2292	네크로맨서
JOB_148_FULL	002B7D0C	08801D28	46d3c2a5312cf49208c5ebfeabc0149dea95b841a6bb8982321f53d74bcd2292	네크로맨서
JOB_149_FULL	002B7D4C	08801D1F	1a2258ab0b82575c5213ab57512aac6c4773ab9f7ae390aa56995901f437eab4	위저드 로드
JOB_150_FULL	002B7D8C	08801D16	a3accbb46760c9e7518af8587453439a1d40f50337c01ef0f3321c8de769b5b6	윗치 로드
JOB_151_FULL	002B7DCC	08801D0F	5fbf2595ae2544899313197f5bcc6c9efe90c0bcf829b1caaf6395eb6212d38e	스파이
JOB_152_FULL	002B7E0C	08801D0F	5fbf2595ae2544899313197f5bcc6c9efe90c0bcf829b1caaf6395eb6212d38e	스파이
JOB_153_FULL	002B7E4C	08801D0A	3ce304f7c4c14cac042a20f7d6c087a646c5306cac53348bbe1658d76b8b3240	해적
JOB_154_FULL	002B7E8C	08801D0A	3ce304f7c4c14cac042a20f7d6c087a646c5306cac53348bbe1658d76b8b3240	해적
JOB_155_FULL	002B7ECC	08801D05	ff62850c8ae9da95f80c4b05d1130aac4f8d325e7658d136a5b8648b690e4b7f	산적
JOB_156_FULL	002B7F0C	08801D05	ff62850c8ae9da95f80c4b05d1130aac4f8d325e7658d136a5b8648b690e4b7f	산적
JOB_157_FULL	002B7F4C	08801D00	10d72f3c95968877b3f4eb0be09182d487f82d68d26b316a5ff39548d0b5ae86	괴도
JOB_158_FULL	002B7F8C	08801D00	10d72f3c95968877b3f4eb0be09182d487f82d68d26b316a5ff39548d0b5ae86	괴도
JOB_159_FULL	002B7FCC	08801CF9	a6c22c4b33aac753ca75bdcfc17865d606cac5004a176725148d45734ba22cbf	어새신
JOB_160_FULL	002B800C	08801CF9	a6c22c4b33aac753ca75bdcfc17865d606cac5004a176725148d45734ba22cbf	어새신
JOB_161_FULL	002B804C	08801CEC	dfabb6e4f46f311ba773e2c51d52128c832210c3d5a6a3e73ec6de3c7d1ee9a3	트레저 헌터
JOB_162_FULL	002B808C	08801CEC	dfabb6e4f46f311ba773e2c51d52128c832210c3d5a6a3e73ec6de3c7d1ee9a3	트레저 헌터
JOB_163_FULL	002B80CC	08801CDF	0dfd378222bb374cc87a33983cea92c68028a907ec2318b59159855e3e6cdbed	파이어 댄서
JOB_164_FULL	002B810C	08801CD8	06b3f907ee40d3415ba11c2e0a1b0c0e8ad22c43555062e67dbd8e2374fe5aef	여행예능인
JOB_165_FULL	002B814C	08801CD1	4e10882116cc854b33e4e961b0b1b2abda4aeded8331b05640ea2d3b415ac572	물예능인
JOB_166_FULL	002B818C	08801CC8	83c4bbca66d65ee744fd5391e9821fd1939b5d2c104463e7e978b5f98e9f299d	탭 댄서
JOB_167_FULL	002B81CC	08801CBD	9f1e9f4fc455202c877f678d238a8dd3d1014331c6ca90015f100eb1601a279a	무녀
JOB_168_FULL	002B820C	08801CB6	67d0b64767f1801a7232aacf7934b7a198409a139f61ac783fd14b1a7390ef52	아이돌
JOB_169_FULL	002B824C	08801CA9	79cfffc7dcda55ac4dc1e6a716859ceb0af2c9d28354e8477f6e3bf5df914de3	섀도우 댄서
JOB_170_FULL	002B828C	08801C9E	12181e34a956d89250f5ef5b777355807b2d12b2fcc2946e2ad4f5c01464f593	무희
JOB_171_FULL	002B82CC	08801C93	69ca366b510f1e985f474d6ebb66a03a5b8de5596a90d9348f7bd250a27addc4	화산학자
JOB_172_FULL	002B830C	08801C93	69ca366b510f1e985f474d6ebb66a03a5b8de5596a90d9348f7bd250a27addc4	화산학자
JOB_173_FULL	002B834C	08801C8A	8d8394002c7d6fb7536a404413505f1739d44925f6913cef552ed3cb757b04e5	기상학자
JOB_174_FULL	002B838C	08801C8A	8d8394002c7d6fb7536a404413505f1739d44925f6913cef552ed3cb757b04e5	기상학자
JOB_175_FULL	002B83CC	08801C7F	214e62b1dfa297a5d4f33c2c7b7257e077394c19a0746d32ba6c7a7b47c9095e	해양학자
JOB_176_FULL	002B840C	08801C7F	214e62b1dfa297a5d4f33c2c7b7257e077394c19a0746d32ba6c7a7b47c9095e	해양학자
JOB_177_FULL	002B844C	08801C74	d1fe56befb7675ef01e9ed9993d941d324f874be0b6b9df4ae9caec63eb06621	지질학자
JOB_178_FULL	002B848C	08801C74	d1fe56befb7675ef01e9ed9993d941d324f874be0b6b9df4ae9caec63eb06621	지질학자
JOB_179_FULL	002B84CC	08801C6D	257060d113776eff4902ff939e14a2a47eb035df38c9edcbb6bdd3546f999933	발명가
JOB_180_FULL	002B850C	08801C6D	257060d113776eff4902ff939e14a2a47eb035df38c9edcbb6bdd3546f999933	발명가
JOB_181_FULL	002B854C	08801C66	f51bf1df9e38e7b7c894c466deaa8ec2c562b335a9941d60a15b70d43e2495ee	신학자
JOB_182_FULL	002B858C	08801C66	f51bf1df9e38e7b7c894c466deaa8ec2c562b335a9941d60a15b70d43e2495ee	신학자
JOB_183_FULL	002B85CC	08801C5B	d8336dfe3cbe340487350a0747394b36df1b51641e3f28071135b9a103737860	천문학자
JOB_184_FULL	002B860C	08801C5B	d8336dfe3cbe340487350a0747394b36df1b51641e3f28071135b9a103737860	천문학자
JOB_185_FULL	002B864C	08801C50	61d9f3fa5e5bcb1dc4229a4606ff5e6992b35a6d2e11fb600b10ddc5d439f6b0	물리학자
JOB_186_FULL	002B868C	08801C50	61d9f3fa5e5bcb1dc4229a4606ff5e6992b35a6d2e11fb600b10ddc5d439f6b0	물리학자
JOB_187_FULL	002B86CC	08801C49	81a77b3dcb7d30677229b6dbec8054f383b0c3180bd45a43d1e8866fa7a4e0a1	트릭스타
JOB_188_FULL	002B870C	08801C3C	289ec79c3c5dc5ecac549aa40379e9c44133acd4cae2bdf40bb509a4813ceb23	일류져니스트
JOB_189_FULL	002B874C	08801C35	86447770c42d1b48b8e011467d4f19cab580817b4d42d294a4fad5469ed49120	기술사
JOB_190_FULL	002B878C	08801C2E	e97d9c719e7416076df168f8a4e19402b902603b7167f7d4fe4c78d371d81f37	저글러
JOB_191_FULL	002B87CC	08801C27	3ac1607d0366808ea73a15a3c13841a24f1ba94f080e421054732051f9d65a2e	맛무사
JOB_192_FULL	002B880C	08801C27	3ac1607d0366808ea73a15a3c13841a24f1ba94f080e421054732051f9d65a2e	맛무사
JOB_193_FULL	002B884C	08801C16	b8c9ad5faa585464fb6206d7e0b3aa4752a921f77ca33e0e2d6dce95430035ff	프리스트
JOB_194_FULL	002B888C	08801C05	712cdba7d501e5adafe58b4596347ce5f3dc997cb01142085d12db5aaee5affe	프리스테스
JOB_195_FULL	002B88CC	08801BF8	2d7029dd9008282fc016d4924632bf9ad6f1a48a22fe63217aca2e66989dfd73	드루이드
JOB_196_FULL	002B890C	08801BF8	2d7029dd9008282fc016d4924632bf9ad6f1a48a22fe63217aca2e66989dfd73	드루이드
JOB_197_FULL	002B894C	08801BEB	e10cb4c8871ef0868a3b5d26c396edb1f027fa25a6e88e4fc0de4a1d9936f233	미스틱
JOB_198_FULL	002B898C	08801BEB	e10cb4c8871ef0868a3b5d26c396edb1f027fa25a6e88e4fc0de4a1d9936f233	미스틱
JOB_199_FULL	002B89CC	08801BDE	0ab68503f74f86d47dde3c6c7821db0e949b9b597b7bd23adcc59f4778ad05a5	비숍
JOB_200_FULL	002B8A0C	08801BDE	0ab68503f74f86d47dde3c6c7821db0e949b9b597b7bd23adcc59f4778ad05a5	비숍
ARTE_000_FULL	00374A3C	08804494	298c33a4b0cbec5c4396e9fca5590e1c545d37b41f13c74b20d70d5878486b40	없음
ARTE_001_FULL	00374A50	08804472	3ee991ef664c3ac67c20fff4cbed4749d609d6f21cdd95820cd008413869355e	어스퀘이크
ARTE_002_FULL	00374A64	0880444C	dfe1745dbcd6e9358ab332eb124962e71dea04f17e38ac3a2151c8579ad9eec9	아이시클 폴
ARTE_003_FULL	00374A78	0880440C	4ec227fcdd1249c0df01f58b90610a858d8ba7171fc5f526d910555c8a6d3b36	아이스 토네이도
ARTE_004_FULL	00374A8C	088043E4	50f05410f5d99ada8203f21f3ff9c82d68e34b734030ebb40d6ee7f45816ffa1	애시드 레인
ARTE_005_FULL	00374AA0	088043BE	274af8891dd94995db87240badf2ec5911775de38be793dc96630194488a7091	아스카
ARTE_006_FULL	00374AB4	08804396	9f3ff554d6820a57b8a7099eef39849c9eac25ff7a47f6f0be8c8517932d36d8	이프리트
ARTE_007_FULL	00374AC8	0880437A	98bc22ae2325f89fed0d2f75a9e0a82397466f3119517778c7944d8e18ced94d	이럽션
ARTE_008_FULL	00374ADC	08804350	26c4f994517b80f5a6d60cc1bd08af78213f0943f6d72ba67d28408472f035c6	인디그네이션
ARTE_009_FULL	00374AF0	08804328	a3004cdab77f252da6be327cfd68bcd0cbd90caece47dc290b3bb94495ce6641	월윈드
ARTE_010_FULL	00374B04	08804302	f5b1d36af2b0672e611249027b28144984ac18b945cc7e922621a45907c9964e	볼트
ARTE_011_FULL	00374B18	088042EA	de1201bc79c04734e4a6dbf8b645992c3515fe255566b9813d2bddf5efc4b945	운디네
ARTE_012_FULL	00374B2C	088042CC	f0b3290adf6b4549405fc8a09ea793fd0b5e3a985f784b68fb83075dffc93cb2	익스플로드
ARTE_013_FULL	00374B40	088042A2	eb0e5e38a021f8c8196bd95679141ef1efc2fdefefa56291401b0220198abe4e	오리진
ARTE_014_FULL	00374B54	08804286	f9c49aa419096dc2c305259643d65e9482ad6f7680e26ecdb60470a3490c75fc	갓브레스
ARTE_015_FULL	00374B68	0880425A	ed51ff54f65a1888bba1c356457a3a18d6d105be1a48e2125869f535ffede645	사이클론
ARTE_016_FULL	00374B7C	08804230	caabdef22cf308a07cdd78d499830fbb334fbffbea3179640ca633e1bc648183	썬더 블레이드
ARTE_017_FULL	00374B90	0880420E	4a6871d504be19d55ed344c5250a41c183c403c1cd50034ff45cbb8753d20605	샤프네스
ARTE_018_FULL	00374BA4	088041E8	d98c727f7fcb1acac0cc943071a56f35fbc128d98daf0c4285f59e4b68657d03	쉐도우
ARTE_019_FULL	00374BB8	088041CA	22f50a500497a1d5d03169df441c70c0273ddd666f15e531f96dbb5ba4f0a9c4	슈팅 스타
ARTE_020_FULL	00374BCC	088041AC	0e56fda361240c3673e0e8fe430a5adafef1e691a93c1fc6a3dc966f4149203a	실프
ARTE_021_FULL	00374BE0	08804196	276acbe1becda2cf4c1ee443120f87efef4ea27fb8f3ee0184896a7d06b6b79b	스톰
ARTE_022_FULL	00374BF4	0880416A	ff2c3ea3fa2ec55dfe7ce9f37526445fdce11cb9735cd624c2347cdff0736e68	스톤 월
ARTE_023_FULL	00374C08	0880413A	cd8fe2b28656c00af12e56ceb214149a18851f54fabc68280433c9f5cab70de5	스톤 블래스트
ARTE_024_FULL	00374C1C	0880410C	68ec23205a1f901340759a0ff0e3c03b51cbc75890178b7e6600c4191c65eb56	스프레드
ARTE_025_FULL	00374C30	088040E4	e218554b54d1a9b40d3373c5449c90234f1dc31d58e979302ef9d1efa8ec5aa6	타이달 웨이브
ARTE_026_FULL	00374C44	088040BE	24f68e2b97f734d2124034cfa786afe9fcee15dce9303d4fdb5e1cea494c7e44	타임 스톱
ARTE_027_FULL	00374C58	08804098	84bb9a1f058872eb8a7217f26fffa245496c97365e86e8b0be51c68622301e9e	디스펠
ARTE_028_FULL	00374C6C	0880405E	f4e445db37cceafca13ba04393194ff8e60912112d6c46358a476a924f63660b	디바인 파워
ARTE_029_FULL	00374C80	08804032	794ae4745dc7ae14d72d806c569d5fd365bbdf96107820fc1cb3b8bc5a5f2c32	테트라 스펠
ARTE_030_FULL	00374C94	08804027	9c69ba8d741f73cb9bdc560898b016d1b5125cbacfab37a0737d50f03441cb41	데몬즈 랜스
ARTE_031_FULL	00374CA8	08803FF7	c16bb8950919a4f357530e9ece2456b9f55087779055f0be176933244307e7a1	템페스트
ARTE_032_FULL	00374CBC	08803FC1	b9075373224f1462bba40ae2e1babc2cd16bdedd55744fb704c052f4020b4f48	트랙터 빔
ARTE_033_FULL	00374CD0	08803F99	eaea5453ad43a4bc5e43524118d9e5db84cd959a7c2b8fdf479260f0785dbe2c	너스
ARTE_034_FULL	00374CE4	08803F75	9c6eee846a8e4652e7c5292112a4a4df9b3708123ff515024dd1fc3abd4b4bd4	노움
ARTE_035_FULL	00374CF8	08803F5F	3150d3d7c6813a999f654aa2de55e4aa5869772ca13a6a2f05c2a39dde7c5755	배리어
ARTE_036_FULL	00374D0C	08803F3B	ebc9ae8dd1e9300a18ff417d4ea8e74afff7b7556d00a3d68d804c73c70b723d	빅뱅
ARTE_037_FULL	00374D20	08803F0B	99b03a281fe98da06da23cbf5df0979845a6d7c92a9163bb60adb7a724c8a21c	파이어 월
ARTE_038_FULL	00374D34	08803EDB	6fb46e177a9a4c358a8f97572356e02bedce669b8bcf7e666acab85ae4301d98	파이어 스톰
ARTE_039_FULL	00374D48	08803EA9	46a52c8ce2bd4e601889495c27d62eb3343d07b7a5b3d43e6b2c894bb42917e4	블랙홀
ARTE_040_FULL	00374D5C	08803E73	97441c3b000ee4e9778cd78539c947b06ede549d2a6387a1c7b66f6a61224a03	프리즈 랜서
ARTE_041_FULL	00374D70	08803E43	65e2435a99aa7f154f557887a0e14ee62b27334adb801c70edf9d51662fe334d	블리자드
ARTE_042_FULL	00374D84	08803E1F	dd2d5e53232eabda955b78d447df34aebf89b3b9c6102d502e5c07d6e60084f9	플레임 월
ARTE_043_FULL	00374D98	08803DEB	89be82280158e51320eda20f2095c5626e1c6a44343ead567b3e880b08333271	프레스
ARTE_044_FULL	00374DAC	08803DBB	b61978983746c804354370416260ab35eed7354aa06d089a184c0239df630872	홀리 랜스
ARTE_045_FULL	00374DC0	08803D8F	ffd1d8c57645cd28d7666e8e5987d078ebd574c4756fcb61186a80523b2509b7	맥스웰
ARTE_046_FULL	00374DD4	08803D71	01da1fbe8b40037d20611ee1abf1670395930616c33eaad4e5b31914f66b7e8b	메일스트롬
ARTE_047_FULL	00374DE8	08803D3D	c49a44c1f6440ea72b63cdf88ef2598fb2a7c373d61b4358e72b7a9955b87b05	메테오 스웜
ARTE_048_FULL	00374DFC	08803D0D	08be56639ead7f1088302c800afb0a9b71b031484631fce3c08d054c34e6e597	리커버
ARTE_049_FULL	00374E10	08803CE5	d7d9e4651172f1ce4e5f59d789d42f13b5c686bba36f09d00475094224d79990	루나
ARTE_050_FULL	00374E24	08803CBF	58bb8c629ca27919800b58f499f77fd3045fff53443cda7295771dd67ae6b26b	레이
ARTE_051_FULL	00374E38	08803C83	00d4ebe64dfc95fbe337adebc0ba88445cab68f5719d6ebd32292bb2ff9593a5	레이즈 데드
ARTE_052_FULL	00374E4C	08803C4D	228304fe1957106acb1312b2a282675ac8a8e917da91f55f40316995b33cc2a6	록 브레이크
ARTE_053_FULL	00374E60	08803C19	3a720f69afc1424dab1daf47ffd71ed20390d19a050c5025f5e845722f06cf95	홀리 브레스
ARTE_054_FULL	00374E74	08803BF5	6f5c9baeb50fd3d6ed9e26acfed6302bf657c75931fb69c8a93377867282e97c	딜레이
ARTE_055_FULL	00374E88	08803BBD	9dd19e993ff7c94db592a1e56f96bedf51a47d63b568a425a83c3acf20ef075a	스트래그네이션
ARTE_056_FULL	00374E9C	08803B8B	01e43d38985a8419e67d9617861591ae1a4e5389518e3a2563e4af5d6fd741f8	파이어 볼
ARTE_057_FULL	00374EB0	08803B63	14b19da1e94b4d96f2e9f336682a5a2a8374c296cfbc2634eedc1f407dbfa09e	아이스 니들
ARTE_058_FULL	00374EC4	08803B3F	7135a835782fc0cadbcdab52852569b2a83072a59063958ee2ba4c0091a42612	라이트닝
ARTE_059_FULL	00374ED8	08803B1F	596528ba0c6ef517f42a364eb015a124120f37e1adadb79e934d11265d59803e	그레이브
ARTE_060_FULL	00374EEC	08803AEF	59be5be465773c3798d766f87e6ab9d87fe0d61b63dbbe67b80a14d37509e396	퍼스트 에이드
ARTE_061_FULL	00374F00	08803AC9	4f98901318766307a6c15f6a3ce84ab3d3145262f252b59b8c8d66fd08eb195f	힐
ARTE_062_FULL	00374F14	08803AA1	6653e99811bd8da425f9ba0a887b6d2df4a790c58a0ef6bbd45e6d52a009eefe	큐어
ARTE_063_FULL	00374F28	08803A77	0d0b7e26fceb53c388df06586a40a649c07da0a20116034d79d8e162d173e25a	안티도트
ARTE_064_FULL	00374F3C	08803A57	0a48995721004b4f5d871141e86426ebd0498be207bee62f445b9e79b4faf5b8	피코한
ARTE_065_FULL	00374F50	08803A37	185566bc982ca12309d26f9485a6cf65af9524c91c62893aaa8f480375ac488c	사일런스
ARTE_066_FULL	00374F64	08803A0F	a643e0f1ba332cd63252ccf4410e47b373bc7c7cb01942f4ca343486fddaed7f	윈드 애로
ARTE_067_FULL	00374F78	088039D5	a88ca27b0cdb922f4c94dd31be8deaa2f2876f694130c5b156870eb89ef4c06c	스트림 애로
ARTE_068_FULL	00374F8C	08803995	38c61bea23518e0a8e9b215b896017369f434e569bfbaa078b6bcf7ac3d17272	아쿠아 에지
ARTE_069_FULL	00374FA0	0880396F	16a07891fb731cc5e4a292d5ff372c09fe6a1c00e85f4afcbc87066534299663	윈드 커터
ARTE_070_FULL	00374FB4	08803943	8ce83bea2cde07546a971951cb83126e1cc7ca3923ee15108ff67684af0a8004	에어 블레이드
ARTE_071_FULL	00374FC8	08803921	7dde70ae15d9de291b693e196cd3423963a562429f82d089ea80835838e97999	추사우
ARTE_072_FULL	00374FDC	088038E9	33828d67cb9ed897a00239ba34617f6414c34c1d45b90589f7cca3e5281162d6	아쿠아 스파이럴
ARTE_073_FULL	00374FF0	088038BF	3f5b7bbc8ffa793da63a5d4ba034a5b7870749ed29defa74f24d14253a663e9d	명중 심포니
ARTE_074_FULL	00375004	08803891	5d39a268407243ece4fd4c013593fe393cb903dc6c5389dd86d7517d81954518	블러디 로즈
ARTE_075_FULL	00375018	0880385D	7bbc0fd40eb95c42991a1856644b7677e1693f26531a9a9f70434c784e7e9ad8	봄 레인
ARTE_076_FULL	0037502C	0880382D	cab98d2dd2ece6cc56578cfe3bd5d869cf7f4f16afca53917fabce57daa69df2	버닝 포스
ARTE_077_FULL	00375040	0880380D	854ffe9141e5c3320f838e157889a7d6e10098b60dd6bf3dae00f15851f6550f	회복 주사
ARTE_078_FULL	00375054	088037DB	6438e49a78776df00671893ad8cdec1e89a23201249c9cbed43838d173ca6c90	치유공
ARTE_079_FULL	00375068	088037D4	1ce07f19cc9690c31c747d86d5b0625637195243dd7547b585d4ce47c20c3076	코치한
ARTE_080_FULL	0037507C	088037AC	8926de7fc6769f2633eabd47fbc548f848883eddabc7d1d414b6d513dffda9ea	대소실
ARTE_081_FULL	00375090	0880377E	f117d7522e33457bbc213c48a1c4a4b9b5c51f2349e420cdc05989b200767e3e	단공검
ARTE_082_FULL	003750A4	08803748	d2c953d3c8344c75a35be3889ed1303240ba6b6f3d068dab86d15a516333de52	다오스 코레더
ARTE_083_FULL	003750B8	08803708	0819bb8c6c8cf45f4dc67bad490c03af89bf9196ea6b543b7e797d0ea98a0252	다오스 레이저
ARTE_084_FULL	003750CC	088036D0	42effb60f15cd1d6e0cd0fc14733d1410cb178ad52d7ea5c294539923b4f4d92	다크 이레이저
ARTE_085_FULL	003750E0	088036B4	d2986aa712298e310e0718a3d8c5aaf08bbdecd135897e17516f90881a57a2ed	탈출
ARTE_086_FULL	003750F4	08803690	4709c97408d1bee4e6d58a6610699da26ab76b5afcdb12abe11604bdc5cee14e	엘리멘탈 마스터
ARTE_087_FULL	00375108	08803664	0840ccc4bb2e4e7258f6dd47395b36f4f85493baa4d9ff695ac688f83c21bdfe	이스케이프
ARTE_088_FULL	0037511C	08803655	d291d38f8a122ec81167f5c458e56447ff2721fbcd9edbd0ffe260d83d6ed6e6	이터널 스로
ARTE_089_FULL	00375130	08803621	5664c7646b180debabce536062105cf04db390c0affacca13fed78f9900e7a38	풍인박봉
ARTE_090_FULL	00375144	088035FB	40abf25da7ad3f8bc24a35eb7767adf45d296ae677b2a2c55d470f3f15fdd128	풍신검
ARTE_091_FULL	00375158	088035C9	bb4577a9ab3c99b7a30d7d73340b4d28173f35be202302d0f5a63f62b718e6d6	트럼프 난사
ARTE_092_FULL	0037516C	088035A1	94cdf364f015207eb82a886f61dde7f96372b97818e1f7167c4080dfb07b948d	풍뢰신검
ARTE_093_FULL	00375180	0880357D	a017cb5879281a75eeda85c06d1adb4d01eec566847f5d505c58ef64d69c23a5	이상한 춤
ARTE_094_FULL	00375194	08803549	7bea4421ddc979bbaacac6aba9f2674b896effdd66d74cc6350bd1d7a5af789f	해독공
ARTE_095_FULL	003751A8	08803544	93da8e22fe4db1c18b1b93dc5fb8deb025d6d8cfafa86431f8c9caf396d8891a	환영
ARTE_096_FULL	003751BC	0880351A	ce54374607470bb696d3b91164a70de586d12cd103f78d3c498f9f90578ccc01	고고 삼바
ARTE_097_FULL	003751D0	088034F8	9822f9ab3307d96191f3edfabe6ec11d42904f5c4317dc02de93d835a22581ee	강 마신검
ARTE_098_FULL	003751E4	088034D4	d51815e07e387eb1e0bcdc08d48e49f2c98ae30e85132df1380cd8bf68ded3f4	굉천
ARTE_099_FULL	003751F8	088034A4	273bfbbe67390b700b1487c9361e002d73f4e3c9057b524a3b74e5a36fbbff09	강뢰검
ARTE_100_FULL	0037520C	0880347C	02eb9a1df249391b0c582e12d9b9a30cf5d32f128632e689703c05f7bb38a276	호열
ARTE_101_FULL	00375220	08803446	29458d576343a1c050bb130ea3d7f74921656649ff7b47b0427c2de93c74592f	강초래
ARTE_102_FULL	00375234	08803420	7c4edc62ff13ebafd0e7cffeac3628e45d15b2adceded974f2726f4071950cbf	극광검
ARTE_103_FULL	00375248	088033EE	4e4b5591462b80c46ca7e3989d1756fe6fe812bba8be97601adf0f04c58dcda7	그레이트 어퍼
ARTE_104_FULL	0037525C	088033D2	5f027408ef3ec4a7d305bb6043e4b0ddbb8088d9dfae14cdb48b4b219ef49419	홍련
ARTE_105_FULL	00375270	088033B0	d23a9826e0f7714d66de78d5d5adbb71876f0b406e30c94a48d51bab76de73ee	홍련검
ARTE_106_FULL	00375284	08803380	b540c8ac49de32efd57a47d18f5476da38aa0b226709e7f839641b499fcbc0cf	하가쿠레
ARTE_107_FULL	00375298	08803348	873bdea0269e7c94f63a5029f8c22a703c1d586553b0e04d37b71c851ff51241	헤비 봄버
ARTE_108_FULL	003752AC	0880330C	af000f01bcb4029324715752932da925671e8907e516d7b9fe974fe12e29c1e4	헬즈 허리케인
ARTE_109_FULL	003752C0	088032DE	fcf9f4e6f172f81e8218fca53dda6369bc0c79fb2201347562496da101e80496	하이드 파티
ARTE_110_FULL	003752D4	088032B0	51b7f5dc8bfb7164b23a794732f30f9472138e6997dd4a566e9bdbccbe1be708	비연
ARTE_111_FULL	003752E8	08803286	20cc331c8e18a893e5165cd9821157ce1dfca8ad4ebbfe3e30bc61d9a279da50	비연연각
ARTE_112_FULL	003752FC	0880324E	79167540288facb43484f69cd92bbea43b3724c509838334c5bd135f449c2ed3	비엽번보
ARTE_113_FULL	00375310	08803220	6e3fcaf68a2b4ec40251e789b2a01e5d7ba1a41b6305faa2dc3a1a73ca3d5e29	파고들기
ARTE_114_FULL	00375324	08803204	c25ff01c3fcffe021bc4e27ba8fa82faec98617043b19938a3e2f26060d760fc	봉황천구
ARTE_115_FULL	00375338	088031D0	04558d68bd4490a1af84998eff947505cecdb852aebd21eb5bf693761430971e	팬사우
ARTE_116_FULL	0037534C	0880319C	4b5ac8f3ee50984e3e548f203993019ab78009c46dd53a269e4ace34a2cb554a	빙습연격
ARTE_117_FULL	00375360	08803160	6ba6c8799559197c58d8d8381b3caf730aebf3889b1f19d4470d747a1afb6c02	박우
ARTE_118_FULL	00375374	0880311C	9ed37679f4a698609c732a2eed02e6165b0f31ee68321af81cc997dd114368e8	멋진 히프
ARTE_119_FULL	00375388	088030F2	ff21c09de4008e28c4b78cae7fd2785d999625044811e13c756595151c1eafe3	갬블
ARTE_120_FULL	0037539C	088030BC	ae7b1bcb6dad86e160efd52cb843aea6d72888904f026da9d850c023d647831c	인스펙트 아이
ARTE_121_FULL	003753B0	08803096	61ca77ae5e97b44fc5683abe1e88551c7d04688ea4575766db07ce71666858cd	반강 낙하
ARTE_122_FULL	003753C4	08803062	bb59ac0888db2813e37fcb6e7c70b4b4d92c058b901aafaafa182a9afa003857	차원참
ARTE_123_FULL	003753D8	08803030	1f232172034cee07df7bb21464e5c46071fbacc21d5dc1fb82e0a2350540498e	신뢰
ARTE_124_FULL	003753EC	08803004	46b0e96f930eecf0eb1fb730f67883fc326968d5256ffd6d0e1ee876aff60f14	지라이야
ARTE_125_FULL	00375400	08802FCE	5d5a24fce98fe755493a09cf8070a9522119bc9dd8487798c7fb4140fe96b3e8	유초래
ARTE_126_FULL	00375414	08802FAA	986a5c3792bc4011d2f8360c7143813930bba92f2b65e13189dd7c917509e0b8	양염
ARTE_127_FULL	00375428	08802F7C	a232f4fd2686b7880ef3f91bc7a64a06e5616d9bd6699b1332c87ce46f80fd9c	회생공
ARTE_128_FULL	0037543C	08802F6F	1addc30fbcbe7c3137b43c39d562f782d0adc8ebc9891170e5bf3dc63a712530	도깨비감투
ARTE_129_FULL	00375450	08802F6A	76ae7a910d194644ecfdd2afd4d447e6f6ea860bd5e6447f8cef4fee5b99a933	카마이타치
ARTE_130_FULL	00375464	08802F38	0cc529415d914d367336af7a6a0ef6e077ae990985eeeb355cdc01886c682fb2	회피 행진곡
ARTE_131_FULL	00375478	08802F2F	de8659d5ddf43c4668968091a185db78dc5a483598e0e7e1d8e132ea87973a46	호아파참
ARTE_132_FULL	0037548C	082BD510	e9d9a237585e1ebfe8a2c4648b07e5e537a3fa167d305da92bad01d0ca9e3f9a	황왕천상익
ARTE_133_FULL	003754A0	08802F03	f623144bf6544cf06678ec6db578dd7ab058142fe76d7b18e2821f9e613c1c11	공파절장격
ARTE_134_FULL	003754B4	08802EDB	dbf38130481dea331497f83cef63c5e6aede9922cf43e10452b97d97ee4115d1	공아승룡각
ARTE_135_FULL	003754C8	08802EBB	e3ee6233ba677bef7facb6b6ab1f57869f4eb1ad8722371a90dbea003503acd8	공습검
ARTE_136_FULL	003754DC	08802E83	4a6233a139b5b233eb8ac07fa8d120de4449a42480e8a1e06841459a94cb1a6c	공간상전이
ARTE_137_FULL	003754F0	08802E43	3afd7522707d6231f6ec6444dc200116ff89fddae8eba5cfed98aabfe9cbc4ab	마신검
ARTE_138_FULL	00375504	08802E15	a97622686b02f8884cf37abb10b5910148d10ddf63eda958ce61ecb47c18a830	마신검 개
ARTE_139_FULL	00375518	08802E08	de6ccd10d586548bee840e3df74e87559091991ce255cf0d18a4191ec2ca0ce6	마신검 쌍아
ARTE_140_FULL	0037552C	08802DE6	1c5273211e136bfc590a7c9040d36f301e6fd758e22e5cf61b2e6055cf93960c	마신쌍파참
ARTE_141_FULL	00375540	08802DB4	26e03215ecbc83d9d517c55e8409045e1e50b44cd48ae7e89dacd7fb681c43a7	마인암
ARTE_142_FULL	00375554	08802D84	d4991d40cc9c757002d5b7afd90690eef4c4be10ad867cb618a2313d700b4c26	만주사화
ARTE_143_FULL	00375568	08802D56	872b0c031a0e8c009ea5206a35bc8917c27a78ffadd407f2ee7464af1e2d3c8a	마왕염격파
ARTE_144_FULL	0037557C	08802D30	18bfaf86e4f7d5bdf7a1cf7a4609f12699dc8e3245b6e91c176a43cc01714253	마파 카레
ARTE_145_FULL	00375590	08802D25	acc49de5e8e51b8a6832600067f85a55617ea34122a8bec7978a2e6b667e41ec	명공참상검
ARTE_146_FULL	003755A4	08802D18	0bc4d70b60487b592d6dc0cc34041e6c553b62d04bebf3ca98d9ec42f959e6b8	미라클 보이스
ARTE_147_FULL	003755B8	08802CF0	2035e440766da12c10b2004c0398045cb79bbf3c8add5c8b3f94766566fec3e0	맹호연격파
ARTE_148_FULL	003755CC	08802CBC	e1b93b0b7a6ebfe8ee75f2beee462b4056d4ebed09482a90ce036742f05f7264	맹습검
ARTE_149_FULL	003755E0	08802C88	66dc50d68fc67e66cdb87cb5450097fdc5d8f890e4a330be9154ed9746fb7222	사이좋은 왈츠
ARTE_150_FULL	003755F4	08802C5E	2b68f9fc8026bc9edaebf2197dd15cf83a0a238ced2c9f76310a099a3df47550	자장가
ARTE_151_FULL	00375608	08802C3C	96b58b65e6aea5fd8baa73198f95182a65cc5d9bccddd06ccd2188096fdcbdcc	응원
ARTE_152_FULL	0037561C	08802C02	c82c68054e51de98c4789ba6caaae849031f3a7ebac1db00da507c9fdbb43199	패럴라이 볼
ARTE_153_FULL	00375630	08802BD8	318906c54fd40b7fdcfed76d06b132579e40cb2bce9368002a88eb6a369e1898	필리아 봄
ARTE_154_FULL	00375644	08802BAE	4823344ff6602a14e34bdfe30007716f086e850d9ff06a1199ac713e8d05fe4b	포이한
ARTE_155_FULL	00375658	08802B80	0090f68fd139a6ced64ca537296256c3436d2babdc645be9c5c0e63860642fd1	레이지 레이저
ARTE_156_FULL	0037566C	08802B5E	2793055d4bab673fb585777f683ff774e764a751c4730815442057cf26e70647	뇌전
ARTE_157_FULL	00375680	08802B2E	9b089c9ecc369ad9daad028a0ba962779081d4013dd39ed407d5c7c1b864fcb2	뇌신십연격
ARTE_158_FULL	00375694	08802B00	7192376790378b34c02b680e606ffabe62f43d632e85afcaf029dfe590b1630f	뇌신검
ARTE_159_FULL	003756A8	08802AF9	1f06b7cf3197f1eef789c8c5681ece283076aa2289f381529a2ca749ccd401e2	뇌신권
ARTE_160_FULL	003756BC	08802ACD	5dcf570c28886c9869c3cdb5899d114eed10643999b7bb66ba34fb57afcc1e4e	열공인
ARTE_161_FULL	003756D0	08802AA5	d068ae70a6055768d31cd927c7e2c39390cf7c3e013677bdb4c0ee08862f69c4	열공참
ARTE_162_FULL	003756E4	08802A8D	e47d65d3d551505166474b4dcebde90a3a4216a65f9f1426a3c75f5ba3ba27b4	연아탄
ARTE_163_FULL	003756F8	08802A51	27a24491b512239c8f9b6e8722989ceed21157cd0c3d4fb131e0ff8476b97134	열 마신검
ARTE_164_FULL	0037570C	08802A27	3debc84ee60e8c6f69f6c027098ccb64ba7da52c973e88fff198c7f8ffd0c22f	롬 숄더
ARTE_165_FULL	00375720	088029F3	12c3517d72b59b7ac6f09cf92e234e12b35b640a1f416bab2226c2707a024d32	아이템 훔치기
ARTE_166_FULL	00375734	088029D1	a9e415b035a00a1732bdf1c14fa1afdb0b867b7aab23d834ee61a120e49cb660	사미다레
ARTE_167_FULL	00375748	088029A5	3ad9b7715ce9ec8eabe4023587ec592addc0981b7024c6a768d0eb26d6f7d3ef	산화맹습각
ARTE_168_FULL	0037575C	0880297D	797558e7d3eafac14234ecc77041beea62c5ced632e02ac0ee6e355428b055b0	살극무황권
ARTE_169_FULL	00375770	08802951	38f03f2fc5f76d66d97063993b63230e557540ff0a656b139294c4cc0630aba8	삼산화
ARTE_170_FULL	00375784	0880292F	354c61901869a2e61212de806377f52d02ae0b6a6dc7ad0b214da32d28a29cab	서치 갈드
ARTE_171_FULL	00375798	08802917	2ce5b6a6bdeb45ce279ac61fb48281ab8d85e7a14b40b28363d88495253ecdc2	섬공열파
ARTE_172_FULL	003757AC	088028DF	a5bd26eea1af7ec437c4ee006780e987a7163d500d9dc445ca4cfe00ff16c9bf	섹시 포즈
ARTE_173_FULL	003757C0	088028BD	415875167d06560fdb87e3fc985d79db43ef0d52e3b8a6186130c8bcd28adcb7	마비 룸바
ARTE_174_FULL	003757D4	08802897	e08fd2c2b6178588a23a0cb50dd5120f6fb3b7ee7616b37703cfd341c1c6e4be	진공파참
ARTE_175_FULL	003757E8	08802865	5bb1109a51437890a5c40940fceb7f41ae8f1475c47668bb48599252c74a33cf	진천
ARTE_176_FULL	003757FC	08802831	04a7cbac2264aa3b9bfb6c36d5ba312d0d69a724236ecbbd0333452277e86019	질풍
ARTE_177_FULL	00375810	08802813	ed628e6c56bf2cbae9d22f52196f4ae8fe490dc9d312e9f45dd573f32b91a30b	시라누이
ARTE_178_FULL	00375824	08802808	2754f729d859f42742f5cc5188246be6db02e17aba794e98c70fa7f9b0b0f3f8	사후폭쇄진
ARTE_179_FULL	00375838	088027EA	70b9c52b395ea7f59dcf61ae282cae602150025ac27a493cc36e3aa6855097b2	사자전후
ARTE_180_FULL	0037584C	088027B2	02c6b19c5a89bfbfcf4aeba77f1b64ea76de18da20d8c33b6b71809f4f4b3bf5	사천멸살궁
ARTE_181_FULL	00375860	0880278E	330f376f1e0b0846297c52388c097b84077ba767bf3052610929a9582caf3dea	충파
ARTE_182_FULL	00375874	08802758	dfcf85a34d4d78eb4e22c5a11c78bcd760954412333d9b24d87623e80d5607fe	장저파
ARTE_183_FULL	00375888	08802722	450a533c5d3dbd6936e8a72618b9123bf5d43d8c1ac733757e563144e7dd5dbe	상우열공격
ARTE_184_FULL	0037589C	088026F6	1d8f8c7e64f5c40507583cf2c3add2075c368bb5f9764261bd034ef5a35215ae	취우
ARTE_185_FULL	003758B0	088026DA	796e7d92087eb54dce7ca82024555ade9a2820df765942e879958ce0b87918a1	집기법
ARTE_186_FULL	003758C4	088026A8	93eceb5afd67f5cd419a53572498ee9bfe95d3ba7932832775ea393971cbee57	스마일
ARTE_187_FULL	003758D8	08802684	c9ff3a557d0797f8c64da40e7afc81d298ec0b343100dce9c7c5a93611ca7587	스나이프 에어
ARTE_188_FULL	003758EC	08802656	fdf879b10471e4fa0957e7cd9a3fad9a9dcea14b69d57af1d7b8ad65d6d23ae3	뇌물
ARTE_189_FULL	00375900	0880262A	0945554f4cde205936da9731df2c28e5c649c5f659d0a56da2fe1e5e2ee57b2c	조룡연아참
ARTE_190_FULL	00375914	08802614	e9a6ebc230e08623e5477c5226330ed11dd6f077e73c0a35fd876330630b6f0e	조룡참광검
ARTE_191_FULL	00375928	088025EC	9323c35e72ac2d72c9425d1a6e6bd970c12986e6a6cdf4c1c130334444b59a7f	소생
ARTE_192_FULL	0037593C	088025DF	daf86704fbd77b3f42087b3c90006714815efb99d4401e47fd9f5809d3b138bc	스톱 플로
ARTE_193_FULL	00375950	088025DA	60a72339e061c40a28e2a39f4fac58da70dfe1417311974b308e334f594d8008	대아
ARTE_194_FULL	00375964	088025B6	4f2e8867f2defce58377447b03406dd5fd3675b1773091c65bb790db10f35841	테트라 어설트
ARTE_195_FULL	00375978	08802584	348fc6a846179e0d9ee9ebba9864bb6f014e63eb67251fbe7d17485a56e33b89	동아
ARTE_196_FULL	0037598C	0880255A	65f5ef5f47d6fe401c36153986b091700458240d79e32c8abf62bbb18733e0e2	썬더 소드
ARTE_197_FULL	003759A0	0880252E	0fe2186cdad2dc563e94065c1c92945aeda23ff725786f38b9e161cd277e9ea6	동인십연격
ARTE_198_FULL	003759B4	08802500	dbc97140c2031431f149f6f929b25ddfeef7495145aa09b504131018d1c732c7	특제 요리
ARTE_199_FULL	003759C8	088024D8	96cb85aaeb62f844514595b12a0b065701e5cca4ae99ff0853a7286a4820ceb3	도룡
ARTE_200_FULL	003759DC	088024A4	f8198d0977c4bc0c692a1a8b432a7a4acbe998d13405b559dc97001bda7ad14b	분신
ARTE_201_FULL	003759F0	0880246E	ce5d459da0f23632bc8827f4e074f3fec9bf67ba1dfb704789706aba354bfa10	왈큐리아 세이버
ARTE_202_FULL	00375A04	08802434	2d1ce71af5960c60d05cf0e57804b5d8022a4994a3dbfc53997890070ca8ff2f	왈큐리아 스트라이크
ARTE_203_FULL	00375A18	08802402	f8de92316a477c919048513ac9ebacb7de72a4ecbf69ebb70874d49d9a7d3ef8	볼트 스러스트
ARTE_204_FULL	00375A2C	088023C8	3fea6eb5d3453b90b45e1e039177e83db888276c6c7fec990be843d60aec5799	대미지 주사
ARTE_205_FULL	00375A40	0880238E	87d4661597c574587d0bd13c4ed29c0c7cc2ca4ebf0885f336f101560a65a5d0	응조낙폭축
ARTE_206_FULL	00375A54	08802358	2b07fe117586938e5aaf84095962b677f5dd1a68f4cc2b821bf15a8b37b390fa	베기!
ARTE_207_FULL	00375A68	08802E43	3afd7522707d6231f6ec6444dc200116ff89fddae8eba5cfed98aabfe9cbc4ab	마신검
ARTE_208_FULL	00375A7C	0880396F	16a07891fb731cc5e4a292d5ff372c09fe6a1c00e85f4afcbc87066534299663	윈드 커터
ARTE_209_FULL	00375A90	08803B8B	01e43d38985a8419e67d9617861591ae1a4e5389518e3a2563e4af5d6fd741f8	파이어 볼
ARTE_210_FULL	00375AA4	08803B1F	596528ba0c6ef517f42a364eb015a124120f37e1adadb79e934d11265d59803e	그레이브
ARTE_211_FULL	00375AB8	08803B3F	7135a835782fc0cadbcdab52852569b2a83072a59063958ee2ba4c0091a42612	라이트닝
ARTE_212_FULL	00375ACC	08803CBF	58bb8c629ca27919800b58f499f77fd3045fff53443cda7295771dd67ae6b26b	레이
ARTE_213_FULL	00375AE0	0880232A	4df141c520c805d2c7d31ba069f5e2707cb998bc673e5d101c74c9b4d36a7f91	식재료 확보
ARTE_214_FULL	00375AF4	08802308	c7c81dfe1bf15bdaa4b05d6b222b2b99a2a2b9466471301c075f69f970da05bd	암석 파괴
ARTE_215_FULL	00375B08	088022CC	f2fba21ccf8347f98373a73b9c0d5878b41854b9662295b03671c72ae19b47ce	자물쇠 열기
ARTE_216_FULL	00375B1C	088022A6	00c603ae4ab32d2390f4598cd1a676a95fa22e79a988ca88d85e9f848ab7861e	축재
ARTE_217_FULL	00375B30	08802278	29453a771de09b1737ee23d3d8aa9d8e5870a8beed0ed8787ade43dc50f142a9	함정 회피
ARTE_218_FULL	00375B44	08802262	302b45e91dd982826b3f51d568c64764042d75a36d1e3b5a7cf2537462c22216	야간 시야
ARTE_219_FULL	00375B58	08802246	6829857a8d061ca6fdec3653afade30f8f62a165a92e2f3bd46c566441b89ff5	내열
ARTE_220_FULL	00375B6C	08802215	1a58c8c8134df49f221214d81abe60ca6badfb3ef17ae14c5f0a7f50eaa42b3c	방한
ARTE_221_FULL	00375B80	08803286	20cc331c8e18a893e5165cd9821157ce1dfca8ad4ebbfe3e30bc61d9a279da50	비연연각
ARTE_222_FULL	00375B94	088027EA	70b9c52b395ea7f59dcf61ae282cae602150025ac27a493cc36e3aa6855097b2	사자전후
ARTE_223_FULL	00375BA8	08803AC9	4f98901318766307a6c15f6a3ce84ab3d3145262f252b59b8c8d66fd08eb195f	힐
ARTE_224_FULL	00375BBC	08803A57	0a48995721004b4f5d871141e86426ebd0498be207bee62f445b9e79b4faf5b8	피코한
ARTE_225_FULL	00375BD0	08803204	c25ff01c3fcffe021bc4e27ba8fa82faec98617043b19938a3e2f26060d760fc	봉황천구
ARTE_226_FULL	00375BE4	08802173	49581ade37142e808d7a401471aa745271609ac33cac777f85f35709b01faf75	퇴각
ARTE_227_FULL	00375BF8	08802153	83b5be1d79c6c87b299d28d62d350915cf31ea05fcabde2e8a0f6df767e4ed18	메디컬 체크
ARTE_228_FULL	00375C0C	0880211C	8db3535e14161c958055ad1dbbc68ddc05e1cf84913b366ac646b995c3ce125f	초 팬사우
ARTE_229_FULL	00375C20	088020EB	3942373da42afbfd2ed15df71185881865c759db0899c7432af019d7468d5440	식재료 변환
ARTE_230_FULL	00375C34	088020BC	ee6f1fa62c4d0e70d1734d5aed816ff8cc88a3f508b608a44ee228d1fbf97f4e	경계
ARTE_231_FULL	00375C48	0880207E	c0e82747a681f439a0d789bc5a3f6d7aa8820d2014d1cbdade7b580d41d4100d	리리스의 요리
DEFAULT_00009784_FULL	00009784	088046F4	ee5b5a864232f807c8acedee7fd2d72d3395ff9ea3cc1ce913640dee6cecb1ef	훌리오
DEFAULT_0000978C_FULL	0000978C	088046FB	31ec5687b376b8bb7e02f7f3d44300fae22d6d3b598818902e58c9de859c9a23	캐로
